,OK=0,Ground motion,Load factor,E - glob,Gl Drift,Gl Drift - class,Element ID,Section ID (E el.),E el.,Section ID (PA el.),PA el.,PA el. - class
0,0,el_centro,1,1.1479557147284947,0.24814314285714284,Minor,"[1020, 1121, 1222, 1323, 2021, 2122, 2223, 2030, 2131, 2232, 2333, 3031, 3132, 3233, 3040, 3141, 3242, 3343, 4041, 4142, 4243]","[1, 1, 1, 1, 1, 1, 1, 5, 5, 5, 5, 1, 1, 1, 5, 5, 5, 5, 1, 1, 1]","[0.07381723401701545, 0.11546937111322304, 0.11458079615548897, 0.0741977407562909, 0.04360600495542023, 0.011045175078014238, 0.02786862567047632, 0.009933593868043046, 0.053065361629774516, 0.05323412128567644, 0.0060735967887845434, 0.00935516454998206, 0.0031749962920293914, 0.006393896626755975, 0.001276598878798942, 0.0031852287375777086, 0.0035527099169845753, 0.0006938066428995267, 0.00031003316915699866, 0.00022245382179068764, 0.0002490250096367709]","[1, 1, 1, 1, 1, 1, 1, 5, 5, 5, 5, 1, 1, 1, 5, 5, 5, 5, 1, 1, 1]","[0.18670232087655672, 0.22253565818388416, 0.21887599652741357, 0.18755708828191772, 0.18052254765499823, 0.11864358015331478, 0.1545403619067093, 0.10821155229661718, 0.1657422567290991, 0.16634402382881766, 0.09205102463420738, 0.11424324036292405, 0.09295424116673258, 0.1061148354048428, 0.06874781958101112, 0.07797947330473877, 0.0815275640295173, 0.06158504340143484, 0.04852016415524166, 0.0480757382558121, 0.05171135552254653]","['Minor', 'Moderate', 'Moderate', 'Minor', 'Minor', 'Minor', 'Minor', 'Minor', 'Minor', 'Minor', 'No damage', 'Minor', 'No damage', 'Minor', 'No damage', 'No damage', 'No damage', 'No damage', 'No damage', 'No damage', 'No damage']"
