,OK=0,Ground motion,Load factor,E - glob,Gl Drift,Gl Drift - class,PA g.,PA g. - class,Element ID,Section ID (E el.),E el.,Section ID (PA el.),PA el.,PA el. - class
0,0,BIGBEAR_DHP090,1,2.3891096909388074,0.3169257142857143,Minor (Repairable),0.5008435585629936,Severe,"[1020, 2030]","[1, 5]","[0.3074908211319146, 0.03130561786677988]","[1, 5]","[7.442674541056595e-05, 2.844415280893339e-05]","['No damage', 'No damage']"
1,0,BORREGO_A-ELC180,1,0.8444603300895136,0.21110771428571432,Minor (Repairable),0.500459712852471,Severe,"[1020, 2030]","[1, 5]","[0.06672885215683376, 0.004596800129483104]","[1, 5]","[3.057076442607842e-05, 1.5113898400064742e-05]","['No damage', 'No damage']"
2,0,CAPEMEND_EUR090,1,7.464967730907269,0.5041742857142858,Moderate (Irreparable),0.5022379014092716,Severe,"[1020, 2030]","[1, 5]","[5.126717310061892, 0.03691371654784422]","[1, 5]","[0.00018635435865503092, 2.4926256858273923e-05]","['No damage', 'No damage']"
3,0,CAPEMEND_FOR090,1,0.7923697133836795,0.28233914285714284,Minor (Repairable),0.5003576789313385,Severe,"[1020, 2030]","[1, 5]","[0.14946987143548582, 0.004503465204892565]","[1, 5]","[5.556043493571775e-05, 1.7849751732602448e-05]","['No damage', 'No damage']"
4,0,CAPEMEND_RIO270,1,54.790840425404,2.588697142857143,Collapse,0.5046749863844201,Severe,"[1020, 2030]","[1, 5]","[34.43523913665538, 1.5062191097208837]","[1, 5]","[0.0013681376195683276, 0.00020866110955486048]","['No damage', 'No damage']"
5,0,CHALFANT_A-BEN360,1,5.316474836477305,0.4715342857142857,Minor (Repairable),0.501503128364201,Severe,"[1020, 2030]","[1, 5]","[3.630574298057252, 0.06638181728473593]","[1, 5]","[0.00017492028714902863, 3.172879090864237e-05]","['No damage', 'No damage']"
