,Damage index,E_20,E_30
0,2.95481,0.2868471353403703,0.250110923395886
