,Damage index,E_20,E_30
0,0.30008680959817585,0.15136181848371413,0.12326634724764432
1,0.39520790389200483,0.1533486519139259,0.12469984507994131
2,0.48570556936019066,0.1558359322181602,0.12642473222839953
3,0.6460991313891178,0.16299496868825852,0.13185749334610905
4,0.8378178608344147,0.17707601336484494,0.14218640836219687
5,1.0209729817905804,0.26279256208985863,0.21709122939969452
6,1.302451927488179,0.2921218997134149,0.25476495893814716
7,2.01939545637829,0.28655743002509043,0.27090966885727397
